<?xml version="1.0" encoding="UTF-8"?>
<updates>
    <update>
        <name>VM Payment - ConcordPay Payment Gateway</name>
        <description>ConcordPay Payment Gateway for VirtueMart</description>
        <type>plugin</type>
        <element>concordpay</element>
        <folder>vmpayment</folder>
        <client>0</client>
        <version>1.2.1</version>
        <infourl title="ConcordPay">https://concordpay.concord.ua</infourl>
        <downloads>
            <downloadurl type="full" format="zip">https://github.com/webdevconcord/joomla-virtuemart/raw/master/package/plg_vmpayment_concordpay_1.2.1.zip</downloadurl>
        </downloads>
        <tags>
            <tag>stable</tag>
        </tags>
        <maintainer>ConcordPay</maintainer>
        <maintainerurl>https://concordpay.concord.ua</maintainerurl>
        <section>Updates</section>
        <targetplatform name="joomla" version="3.[0123456789]"/>
    </update>
</updates>